﻿<?xml version="1.0" encoding="UTF-8"?>
<Context Id="cfc3932e-4600-4d25-b6bd-e3e5bd002c8f">
  <Entities>
    <Entity Id="a735eb3f-e4be-4887-b669-4f6e60b22cf2" Name="MyDatabase" IsArray="False">
      <Entities>
        <Entity Id="f9a005e4-537e-426d-bde5-5fd13940bc8b" Name="PKGDetail" IsArray="True">
          <Entities>
            <Entity Id="58a0b96b-d812-455a-aa42-6398c241398d" Name="oClientID" IsArray="False" />
            <Entity Id="4ae72f04-b710-46e8-ba85-4beb6af22255" Name="oSerial_number" IsArray="False" />
            <Entity Id="3915d32c-629e-45c3-9d04-d1fad2d49ba1" Name="oEquipment_type" IsArray="False" />
            <Entity Id="b0edfefc-e5fa-4a97-be0d-f1b869bf7d14" Name="oOffer_type" IsArray="False" />
            <Entity Id="e6f45f9c-697f-4c21-a6c2-25f8c94eebed" Name="oEligibility" IsArray="False" />
            <Entity Id="d69b489c-91e8-4037-938f-486f9258aaba" Name="oDescription" IsArray="False" />
            <Entity Id="1f303caf-bdc4-4e9e-aaa5-ecad4e2ae59f" Name="oTms" IsArray="False" />
            <Entity Id="7228ca67-3194-40e6-9137-d2217e1f921f" Name="oTban" IsArray="False" />
            <Entity Id="cdc51678-9960-4e70-8c57-9250b6c39bd0" Name="oChargedate" IsArray="False" />
            <Entity Id="76fee05a-2a68-4b2c-8a19-2853f6314a0c" Name="oContractname" IsArray="False" />
            <Entity Id="a1c18fb2-4606-4bdd-a15b-49da0c8deed4" Name="oSoft" IsArray="False" />
            <Entity Id="fd31a608-1627-4e1e-9dc6-22013b904260" Name="oTeleload" IsArray="False" />
            <Entity Id="6da2d6f9-748b-468e-85ea-3a8d3f28f907" Name="oStatus" IsArray="False" />
            <Entity Id="9d293d78-8ae1-4a09-a06f-4c5264488f6e" Name="oRequest" IsArray="False" />
          </Entities>
        </Entity>
      </Entities>
    </Entity>
  </Entities>
</Context>